{"cameraMode":{"drawMode":0,"name":"Shaded","section":"Shading Mode"},"sceneLighting":true,"audioPlay":false,"sceneViewState":{"showFog":true,"showMaterialUpdate":false,"showSkybox":true,"showFlares":true,"showImageEffects":true,"showParticleSystems":true},"in2DMode":false,"pivot":{"x":2.3632874488830568,"y":-1.7290782928466797,"z":-2.6106245517730715},"rotation":{"x":-0.1395205706357956,"y":0.7313187718391419,"z":-0.15725912153720857,"w":-0.648827314376831},"size":11.03942584991455,"orthographic":false}