{"cameraMode":{"drawMode":0,"name":"Shaded","section":"Shading Mode"},"sceneLighting":false,"audioPlay":false,"sceneViewState":{"showFog":true,"showMaterialUpdate":false,"showSkybox":false,"showFlares":true,"showImageEffects":true,"showParticleSystems":true},"in2DMode":false,"pivot":{"x":0.0,"y":0.7676012516021729,"z":-0.004707962274551392},"rotation":{"x":-0.1395205706357956,"y":0.7313187718391419,"z":-0.15725912153720857,"w":-0.648827314376831},"size":3.039191961288452,"orthographic":false}