{"cameraMode":{"drawMode":0,"name":"Shaded","section":"Shading Mode"},"sceneLighting":false,"audioPlay":false,"sceneViewState":{"showFog":true,"showMaterialUpdate":false,"showSkybox":false,"showFlares":true,"showImageEffects":true,"showParticleSystems":true},"in2DMode":false,"pivot":{"x":-2.9802322387695315e-8,"y":0.0,"z":0.05225503444671631},"rotation":{"x":-0.005465742666274309,"y":0.6982144117355347,"z":-0.005578799173235893,"w":-0.7160592675209045},"size":4.39824914932251,"orthographic":false}