{"cameraMode":{"drawMode":0,"name":"Shaded","section":"Shading Mode"},"sceneLighting":false,"audioPlay":false,"sceneViewState":{"showFog":true,"showMaterialUpdate":false,"showSkybox":false,"showFlares":true,"showImageEffects":true,"showParticleSystems":true},"in2DMode":false,"pivot":{"x":0.09086984395980835,"y":0.183722585439682,"z":-0.21061648428440095},"rotation":{"x":0.0027012352366000416,"y":0.03778766840696335,"z":-0.00015823107969481498,"w":-0.9994413256645203},"size":0.2188771367073059,"orthographic":false}