{"cameraMode":{"drawMode":0,"name":"Shaded","section":"Shading Mode"},"sceneLighting":false,"audioPlay":false,"sceneViewState":{"showFog":true,"showMaterialUpdate":false,"showSkybox":false,"showFlares":true,"showImageEffects":true,"showParticleSystems":true},"in2DMode":false,"pivot":{"x":0.0,"y":0.2368830442428589,"z":0.7583940029144287},"rotation":{"x":-0.005465742666274309,"y":0.6982144117355347,"z":-0.005578799173235893,"w":-0.7160592675209045},"size":6.032086372375488,"orthographic":false}