{"cameraMode":{"drawMode":0,"name":"Shaded","section":"Shading Mode"},"sceneLighting":false,"audioPlay":false,"sceneViewState":{"showFog":true,"showMaterialUpdate":false,"showSkybox":false,"showFlares":true,"showImageEffects":true,"showParticleSystems":true},"in2DMode":false,"pivot":{"x":0.006095856428146362,"y":0.536177396774292,"z":0.06664741039276123},"rotation":{"x":-0.0006450049695558846,"y":0.9981580376625061,"z":-0.06177450716495514,"w":-0.013500763103365898},"size":1.3469724655151368,"orthographic":false}